DonorID,FirstName,LastName,ImpactArea,Tier,Email
1,Mary,benton,Wildlife,Silver,mary@mary.com
2,leandro,cruz,Water,Gold,leacruz@leandro.com
3,Selina,ward,Energy,Silver,seward@selina.com
4,Tobias,grant,Forests,Bronze,tobgrant@tobias.com
5,naomi,Clarke,Wildlife,Gold,clarknaomi@naomi.com
6,darius,wells,Energy,Platinum,dawells@darious.com